id,video #1,video #2,video #3,video #4
1234,X,26.894084,"[17.785268, 18.404943, 18.861827]","[5.517529, 8.334616, 10.328154, 11.535011, 6.612139]"
54623213,X,"[10.703396, 11.751853, 17.558821]","[17.229002, 18.094607, 19.009797]",X
