id,video #1,video #2,video #3,video #4
1234,X,"[10.884884, 11.294599, 11.623689, 17.549863]","[16.90339, 17.771297, 18.478808]","[5.288386, 6.584571, 8.200633, 10.331075, 11.477639]"
8788,[6.974234],X,"[16.82542, 17.716698, 18.715439]","[5.155794, 6.594979, 8.347896, 10.360437, 11.539326]"
