id,video #1,video #2,video #3,video #4
1234,X,26.894084,"[17.785268, 18.404943, 18.861827]","[5.517529, 8.334616, 10.328154, 11.535011, 6.612139]"
54623213,X,"[10.703396, 11.751853, 17.558821]","[17.229002, 18.094607, 19.009797]",X
7878,"[1.624445, 16.090405]","[4.412187, 5.808975, 6.445028, 6.81249, 7.199227, 7.594156, 8.02782]",X,"[3.929362, 14.1849]"
1232,"[13.451909, 21.009966]","[1.949856, 3.170586, 10.082173]",17.71328,13.689486
